,handle,universal,english,success
0,144000bound,0.4744885412906753,0.7238002465135849,1
1,1b7mwc0331,0.15881746424200632,0.08592399976334196,1
2,2018magamidtrmt,0.5768086562548855,0.6109757209767682,1
3,45ismyguy2020,0.5768086562548855,0.7565854729457974,1
4,5945usartr,0.8242118832176379,0.6884177623265628,1
5,_chismosa_,0.041106740219567735,0.04918384795249982,1
6,_fever7,0.0,0.0,2
7,_norseman09,0.06078011352084069,0.038503444945083086,1
8,_pamcampos,0.2079055732880228,0.06263387811083082,1
9,_rebeccamoore_,0.0,0.0,2
10,_sjpeace_,0.33655519548719853,0.2691022464970497,1
11,_tjo_,0.041106740219567735,0.03546593341354506,1
12,_waleedshahid,0.06565556198004287,0.027677698437753848,1
13,_zakali,0.18207903130928815,0.06783456974919343,1
14,a_free_man22,0.4336774335329319,0.15685510336103622,1
15,aaaj_alc,0.25152334764543,0.32230602190830704,1
16,aaronblake,0.10328573467123618,0.038503444945083086,1
17,abc,0.03508264339315584,0.03265990956683609,1
18,abcpolitics,0.032398754737074244,0.04178983547133819,1
19,abdulelsayed,0.1285158337598371,0.06783456974919343,1
20,achrisostler,0.11956986651967942,0.05780718298413593,1
21,aclu,0.04447883217419818,0.038503444945083086,1
22,acosta,0.037980136466376074,0.030068974042493608,1
23,adamaesq,0.635706839522915,0.6698271269837389,1
24,adamcbest,0.08899515596679244,0.06783456974919343,1
25,adamparkhomenko,0.09590276214117437,0.06263387811083082,1
26,adamserwer,0.027614042942260764,0.025471598156045747,1
27,addie_1122,0.4540057291614072,0.3412193545017134,1
28,adia66,0.15881746424200632,0.08592399976334196,1
29,adicaves,0.05202936550695904,0.04918384795249982,1
30,adybarkan,0.037980136466376074,0.04918384795249982,1
31,afbranco,0.11116719108518804,0.045343501437382056,1
32,afjustice,0.09590276214117437,0.07343326191269153,1
33,afp,0.05202936550695904,0.14589765727494236,1
34,agentcarter_ssr,0.5565870373496533,0.380551857066998,1
35,agfreiria,0.05624491210051878,0.05780718298413593,1
36,ajplus,0.03508264339315584,0.13558257714003935,1
37,akilahobviously,0.037980136466376074,0.027677698437753848,1
38,alamoontherise,0.25152334764543,0.19374947883382485,1
39,albertylaw,0.11116719108518804,0.030068974042493608,1
40,alcardenasfl_dc,0.04811366570775446,0.027677698437753848,1
41,alecmacgillis,0.08899515596679244,0.045343501437382056,1
42,alexandraerin,0.0825396626774012,0.038503444945083086,1
43,alexemmons,0.11116719108518804,0.05333128056896264,1
44,alexisinnh,0.0,0.0,2
45,alhousedems,0.06078011352084069,0.08592399976334196,1
46,alinorabdi,0.22179568769021463,0.1807672693005155,1
47,alishagia,0.04447883217419818,0.027677698437753848,1
48,alohabrianb,0.22179568769021463,0.14589765727494236,1
49,alohaha59067534,0.8468202684509261,0.826453203646374,1
50,alt_uscis,0.08899515596679244,0.03546593341354506,1
51,altcybercommand,0.1701324265302999,0.09286695366967546,1
52,altochulo,0.1701324265302999,0.10827700665723966,1
53,alyssa_milano,0.05624491210051878,0.038503444945083086,1
54,amaditalks,0.09590276214117437,0.04178983547133819,1
55,amarch4ourlives,0.04811366570775446,0.030068974042493608,1
56,amccloggan01,0.7855076010068447,0.7064204238004218,1
57,americafirstpol,0.0825396626774012,0.07945465272791494,1
58,americanewsroom,0.0825396626774012,0.1167953743919475,1
59,amhotflash,0.5967761711282766,0.5697317833219949,1
60,amicah1,0.49505756400804624,0.32230602190830704,1
61,amy_siskind,0.0254864249403189,0.027677698437753848,1
62,amykinla,0.041106740219567735,0.030068974042493608,1
63,amyklobuchar,0.04811366570775446,0.07945465272791494,1
64,amymcgrathky,0.04811366570775446,0.027677698437753848,1
65,amymek,0.06565556198004287,0.04918384795249982,1
66,analisa_swan,0.5156433305312286,0.380551857066998,1
67,ananavarro,0.03508264339315584,0.027677698437753848,1
68,ananursingworld,0.07651310672792835,0.07343326191269153,1
69,andrewcmccarthy,0.037980136466376074,0.03265990956683609,1
70,andrewgillum,0.037980136466376074,0.027677698437753848,1
71,andylassner,0.037980136466376074,0.025471598156045747,1
72,angiemuleroa,0.10328573467123618,0.06263387811083082,1
73,angrycentrist99,0.0,0.0,2
74,anncoulter,0.041106740219567735,0.01983296694956421,1
75,anniseparker,0.0825396626774012,0.05780718298413593,1
76,annromney,0.03508264339315584,0.038503444945083086,1
77,annvandersteel,0.14812070832967303,0.09286695366967546,1
78,antheabutler,0.14812070832967303,0.07343326191269153,1
79,anti_orange1,0.5156433305312286,0.36065190656573104,1
80,antoniosabatojr,0.07651310672792835,0.1807672693005155,1
81,anugnaa,0.0,0.0,2
82,anyasorensen,0.11956986651967942,0.14589765727494236,1
83,ap,0.06078011352084069,0.10030935716061677,1
84,ap_politics,0.037980136466376074,0.03546593341354506,1
85,aprilfreemanfl,0.18207903130928815,0.40086139116347386,1
86,apsaraewd,0.3551862170861128,0.1807672693005155,1
87,aral,0.2079055732880228,0.07945465272791494,1
88,ariberman,0.05624491210051878,0.05333128056896264,1
89,arifleischer,0.0254864249403189,0.03546593341354506,1
90,arirabinhavt,0.0825396626774012,0.045343501437382056,1
91,armandaviram,0.06078011352084069,0.038503444945083086,1
92,aryaresists,0.0,0.0,2
93,ashesresist,0.33655519548719853,0.25265321740844954,1
94,aslavitt,0.041106740219567735,0.03546593341354506,1
95,asteadwesley,0.04447883217419818,0.023437100509770627,1
96,asyooty_el,0.03508264339315584,0.07343326191269153,1
97,atensnut,0.05202936550695904,0.03265990956683609,1
98,aterkel,0.09590276214117437,0.023437100509770627,1
99,atheen_,0.393746460000491,0.5697317833219949,1
100,athenasalman,0.11116719108518804,0.08592399976334196,1
101,atrupar,0.0825396626774012,0.030068974042493608,1
102,audebm,0.33655519548719853,0.36065190656573104,1
103,augustus709,0.6729387518017023,0.5061919589474342,1
104,austin__cole12,0.0825396626774012,0.04918384795249982,1
105,ava,0.04811366570775446,0.030068974042493608,1
106,avenge_mypeople,0.0,0.0,2
107,axidentaliberal,0.5768086562548855,0.6109757209767682,1
108,axios,0.18207903130928815,0.05780718298413593,1
109,aymanm,0.05202936550695904,0.038503444945083086,1
110,aynrandpaulryan,0.041106740219567735,0.05333128056896264,1
111,azcardinals,0.0,0.0,3
112,azedunited,0.2079055732880228,0.20742796687543463,1
113,azsenatedems,0.08899515596679244,0.12588928944948308,1
114,b52malmet,0.11956986651967942,0.15685510336103622,1
115,b_alysse,0.06565556198004287,0.04918384795249982,1
116,babydoll_95,0.6908019160064479,0.5487020083865324,1
117,baddogs4343,0.18207903130928815,0.10030935716061677,1
118,bamajeans24,0.6729387518017023,0.6109757209767682,1
119,barackobama,0.14812070832967303,0.2691022464970497,1
120,barquitos_girl,0.3742667881821624,0.1807672693005155,1
121,bartmckinley,0.26734400306340506,0.22180647190550215,1
122,baseballcrank,0.041106740219567735,0.038503444945083086,1
123,bbusa617,0.413569897933165,0.5697317833219949,1
124,bcfofficial_,0.26734400306340506,0.380551857066998,1
125,beaheroteam,0.18207903130928815,0.3412193545017134,1
126,beauwillimon,0.04447883217419818,0.025471598156045747,1
127,becker_kurt,0.06565556198004287,0.10827700665723966,1
128,benedictevans,0.0254864249403189,0.027677698437753848,1
129,benjaminehaas,0.2079055732880228,0.2691022464970497,1
130,benjealous,0.07089257330076087,0.03265990956683609,1
131,benjysarlin,0.04811366570775446,0.03265990956683609,1
132,bennyjohnson,0.037980136466376074,0.05333128056896264,1
133,benshapiro,0.029913823351421277,0.027677698437753848,1
134,benwikler,0.15881746424200632,0.03546593341354506,1
135,berniesanders,0.029913823351421277,0.05333128056896264,1
136,beschlossdc,0.05202936550695904,0.05333128056896264,1
137,bessbell,0.03508264339315584,0.027677698437753848,1
138,bestwebenglish,0.08899515596679244,0.05780718298413593,1
139,beth2_k3a,0.5768086562548855,0.5487020083865324,1
140,bethkroegs,0.0,0.0,2
141,betoorourke,0.032398754737074244,0.025471598156045747,1
142,bettemidler,0.027614042942260764,0.023437100509770627,1
143,bettybowers,0.032398754737074244,0.025471598156045747,1
144,biafrachimezie,0.25152334764543,0.40086139116347386,1
145,bill_dance1,0.06565556198004287,0.03546593341354506,1
146,billbrowder,0.04811366570775446,0.03546593341354506,1
147,billkristol,0.05624491210051878,0.045343501437382056,1
148,binetusa,0.393746460000491,0.2691022464970497,1
149,bisforberkshire,0.04811366570775446,0.03546593341354506,1
150,bjcreigh,0.8848653406184375,0.380551857066998,1
151,blackcatunloads,0.4336774335329319,0.5061919589474342,1
152,blauesstrange,0.2079055732880228,0.36065190656573104,1
153,bleacherreport,0.032398754737074244,0.03546593341354506,1
154,blisstabitha,0.25152334764543,0.15685510336103622,1
155,bluewavecs,0.393746460000491,0.10030935716061677,1
156,bluewavevstrump,0.0,0.0,2
157,bmw2163heart,0.7564524646655568,0.8601677371481485,1
158,bobbifotsch,0.11116719108518804,0.14589765727494236,1
159,bobehrezh,0.413569897933165,0.6109757209767682,1
160,bodega_gyro_ao,0.04811366570775446,0.023437100509770627,1
161,bohherbert,0.09590276214117437,0.04918384795249982,1
162,bonsy123,0.2079055732880228,0.2691022464970497,1
163,bornabrit1,0.6729387518017023,0.6698271269837389,1
164,bourgeoisalien,0.0,0.0,2
165,braveheart_usa,0.5156433305312286,0.40086139116347386,1
166,breitbartnews,0.029913823351421277,0.04178983547133819,1
167,brendaoncats,0.413569897933165,0.28621206238390096,1
168,brentalfloss,0.04811366570775446,0.038503444945083086,1
169,bretbaier,0.041106740219567735,0.023437100509770627,1
170,brettjsimpson,0.14812070832967303,0.07343326191269153,1
171,brettmdecker,0.3184188561317807,0.22180647190550215,1
172,brianbeutler,0.037980136466376074,0.03265990956683609,1
173,brianefallon,0.04811366570775446,0.04178983547133819,1
174,brianklaas,0.04811366570775446,0.03265990956683609,1
175,brianschatz,0.032398754737074244,0.0215615093045025,1
176,brianstelter,0.04447883217419818,0.027677698437753848,1
177,briantylercohen,0.05624491210051878,0.0215615093045025,1
178,bridget20917878,0.0,0.0,2
179,bridget_joy_,0.5768086562548855,0.40086139116347386,1
180,brithume,0.032398754737074244,0.018240414977142547,1
181,bro_pair,0.032398754737074244,0.04178983547133819,1
182,brosandprose,0.07651310672792835,0.04918384795249982,1
183,bruceaheyman,0.07089257330076087,0.027677698437753848,1
184,brycetache,0.413569897933165,0.22180647190550215,1
185,bucksexton,0.05202936550695904,0.025471598156045747,1
186,business,0.03508264339315584,0.038503444945083086,1
187,businessinsider,0.04447883217419818,0.05333128056896264,1
188,buzzfeednews,0.06565556198004287,0.07343326191269153,1
189,bvweir,0.7409598586102422,0.5697317833219949,1
190,byandreawillis,0.6164280626387617,0.4848645828256039,1
191,byline_media,0.1701324265302999,0.13558257714003935,1
192,byronyork,0.041106740219567735,0.038503444945083086,1
193,c0achrex,0.5967761711282766,0.5061919589474342,1
194,cagop,0.1285158337598371,0.07343326191269153,1
195,calebsaysthings,0.041106740219567735,0.027677698437753848,1
196,callarri,0.0,0.0,2
197,calnurses,0.15881746424200632,0.10827700665723966,1
198,calumssherwood,0.041106740219567735,0.03546593341354506,1
199,camanpour,0.027614042942260764,0.027677698437753848,1
200,camedwards,0.07651310672792835,0.025471598156045747,1
201,candacetoddlv,0.33655519548719853,0.1807672693005155,1
202,cannilive,0.4540057291614072,0.5061919589474342,1
203,capaction,0.4336774335329319,0.40086139116347386,1
204,cardsmarkd,0.04811366570775446,0.038503444945083086,1
205,carlhigbie,0.037980136466376074,0.03546593341354506,1
206,carlosgsmith,0.09590276214117437,0.05780718298413593,1
207,carolroberts67,0.2079055732880228,0.14589765727494236,1
208,carolynbmaloney,0.11956986651967942,0.13558257714003935,1
209,carolyny1948,0.4744885412906753,0.5061919589474342,1
210,carrieksada,0.4540057291614072,0.5274968237537414,1
211,cassandralynnk2,0.13802618960216584,0.13558257714003935,1
212,cbkdsa,0.3551862170861128,0.28621206238390096,1
213,cblackst,0.08899515596679244,0.05333128056896264,1
214,cbsnews,0.023518771605329593,0.05780718298413593,1
215,celiasojourn,0.04811366570775446,0.03546593341354506,1
216,chadderr,0.05624491210051878,0.05780718298413593,1
217,chadpergram,0.5156433305312286,0.6884177623265628,1
218,charlesmblow,0.032398754737074244,0.030068974042493608,1
219,charliekirk11,0.14812070832967303,0.09286695366967546,1
220,charrisazrep,0.06565556198004287,0.027677698437753848,1
221,chelrbr,0.49505756400804624,0.3412193545017134,1
222,chelseaclinton,0.027614042942260764,0.027677698437753848,1
223,chelseahandler,0.029913823351421277,0.03265990956683609,1
224,cheri4trump,0.7564524646655568,0.5697317833219949,1
225,cherokeenation,0.33655519548719853,0.13558257714003935,1
226,cherylhaase,0.10328573467123618,0.10030935716061677,1
227,chitownadvocate,0.041106740219567735,0.030068974042493608,1
228,choosetobfree,0.5565870373496533,0.40086139116347386,1
229,chrgdup1973,0.4336774335329319,0.32230602190830704,1
230,chrisgorham,0.041106740219567735,0.01983296694956421,1
231,chrislhayes,0.023518771605329593,0.030068974042493608,1
232,chrismurphyct,0.032398754737074244,0.03265990956683609,1
233,chrisstigall,0.041106740219567735,0.03265990956683609,1
234,chrissussdorf,0.23633691139538376,0.5274968237537414,1
235,christalawyer18,0.23633691139538376,0.10827700665723966,1
236,christianllamar,0.413569897933165,0.36065190656573104,1
237,christinawilkie,0.05624491210051878,0.04178983547133819,1
238,christyclarknc,0.25152334764543,0.16847316644464133,1
239,chuckeaton,0.06078011352084069,0.07945465272791494,1
240,chuckjenkins01,0.0,0.0,2
241,chuckwoolery,0.06078011352084069,0.030068974042493608,1
242,ciluna27,0.1701324265302999,0.14589765727494236,1
243,cindiana58,0.1701324265302999,0.10030935716061677,1
244,civilrightsorg,0.22179568769021463,0.10030935716061677,1
245,clairecmc,0.023518771605329593,0.025471598156045747,1
246,clairme_,0.300816711527256,0.22180647190550215,1
247,clarajseverson,0.07089257330076087,0.05780718298413593,1
248,clayfeathers,0.0,0.0,2
249,claytonswisher,0.0825396626774012,0.038503444945083086,1
250,clintsmithiii,0.032398754737074244,0.0215615093045025,1
251,cmclymer,0.04447883217419818,0.0215615093045025,1
252,cmdr_paylor,0.5156433305312286,0.3412193545017134,1
253,cmpriest,0.05202936550695904,0.027677698437753848,1
254,cmsriresearch,0.07089257330076087,0.05780718298413593,1
255,cnbc,0.03508264339315584,0.030068974042493608,1
256,cnn,0.07089257330076087,0.07343326191269153,1
257,cnnpolitics,0.04811366570775446,0.13558257714003935,1
258,coachahampton,0.06565556198004287,0.038503444945083086,1
259,coachames,0.07651310672792835,0.05333128056896264,1
260,coachjstepp,0.0825396626774012,0.06263387811083082,1
261,coachscaldwell,0.6545596461071505,0.7565854729457974,1
262,coachtraylor,0.09590276214117437,0.06783456974919343,1
263,colemedwards,0.0,0.0,2
264,colleenboland,0.10328573467123618,0.038503444945083086,1
265,comey,0.032398754737074244,0.045343501437382056,1
266,comfortablysmug,0.08899515596679244,0.04178983547133819,1
267,conaway_chance,0.04447883217419818,0.06783456974919343,1
268,congressmanraja,0.14812070832967303,0.10827700665723966,1
269,conspirator0,0.18207903130928815,0.06263387811083082,1
270,corporateown,0.06078011352084069,0.05333128056896264,1
271,corybooker,0.041106740219567735,0.06783456974919343,1
272,costareports,0.04447883217419818,0.025471598156045747,1
273,courtneyboulder,0.28378247513569405,0.22180647190550215,1
274,covfefeamanda,0.0,0.0,3
275,cpwenig,0.1285158337598371,0.13558257714003935,1
276,craigco62,0.4336774335329319,0.19374947883382485,1
277,crewcrew,0.03508264339315584,0.030068974042493608,1
278,cristhopherbb,0.1701324265302999,0.10827700665723966,1
279,crookita,0.03508264339315584,0.04918384795249982,1
280,crtv,0.0,0.0,2
281,cryptosally24,0.3184188561317807,0.28621206238390096,1
282,cspan,0.05202936550695904,0.14589765727494236,1
283,cufi,0.05202936550695904,0.05780718298413593,1
284,cutlerx,0.11116719108518804,0.06783456974919343,1
285,cvilledsa,0.15881746424200632,0.05780718298413593,1
286,cviterigualinga,0.05624491210051878,0.07343326191269153,1
287,cvpayne,0.05624491210051878,0.05333128056896264,1
288,cwebbonline,0.3742667881821624,0.16847316644464133,1
289,cyndilauper,0.027614042942260764,0.023437100509770627,1
290,cynthianixon,0.04447883217419818,0.05333128056896264,1
291,daddydaddymac,0.0,0.0,2
292,dailycaller,0.08899515596679244,0.12588928944948308,1
293,dailykos,0.07651310672792835,0.05333128056896264,1
294,dalinrp,0.49505756400804624,0.5061919589474342,1
295,dallasgoldtooth,0.06078011352084069,0.03546593341354506,1
296,damuskus_,0.04447883217419818,0.03546593341354506,1
297,dan77smith,0.25152334764543,0.15685510336103622,1
298,dancovfefe1,0.0,0.0,2
299,dancrenshawtx,0.03508264339315584,0.038503444945083086,1
300,danpfeiffer,0.041106740219567735,0.027677698437753848,1
301,danrather,0.023518771605329593,0.030068974042493608,1
302,datametrician,0.13802618960216584,0.14589765727494236,1
303,davelapandc,0.1701324265302999,0.10030935716061677,1
304,davereaboi,0.05624491210051878,0.038503444945083086,1
305,davevasquezfl,0.09590276214117437,0.06263387811083082,1
306,daveweigel,0.05624491210051878,0.03265990956683609,1
307,davhq,0.0825396626774012,0.06263387811083082,1
308,david_bossie,0.08899515596679244,0.05333128056896264,1
309,davidarquette,0.06078011352084069,0.04178983547133819,1
310,davidaxelrod,0.023518771605329593,0.025471598156045747,1
311,davidcicilline,0.07089257330076087,0.025471598156045747,1
312,davidcorndc,0.0254864249403189,0.030068974042493608,1
313,davidcypkin,0.037980136466376074,0.027677698437753848,1
314,davidfrum,0.027614042942260764,0.018240414977142547,1
315,davidhogg111,0.032398754737074244,0.023437100509770627,1
316,davidpepper,0.10328573467123618,0.07945465272791494,1
317,davidromannn,0.09590276214117437,0.08592399976334196,1
318,davidsirota,0.05624491210051878,0.025471598156045747,1
319,davidvdegraw,0.07089257330076087,0.04918384795249982,1
320,davidwebbshow,0.04811366570775446,0.03265990956683609,1
321,dbishop0,0.11116719108518804,0.06263387811083082,1
322,dbongino,0.029913823351421277,0.025471598156045747,1
323,dcexaminer,0.06078011352084069,0.05780718298413593,1
324,ddale8,0.027614042942260764,0.027677698437753848,1
325,ddayen,0.03508264339315584,0.03265990956683609,1
326,ddodoyle,0.13802618960216584,0.20742796687543463,1
327,ddwiese,0.6545596461071505,0.42151725890598224,1
328,deadbunnyfrank,0.7564524646655568,0.42151725890598224,1
329,deanheller,0.1285158337598371,0.06783456974919343,1
330,dearauntcrabby,0.3551862170861128,0.2691022464970497,1
331,debramessing,0.03508264339315584,0.04178983547133819,1
332,deepakchopra,0.023518771605329593,0.023437100509770627,1
333,demwrite,0.25152334764543,0.12588928944948308,1
334,dennishughesjr,0.19466773728450495,0.1807672693005155,1
335,deray,0.041106740219567735,0.038503444945083086,1
336,devilisrepublcn,0.49505756400804624,0.3039573320934062,1
337,devinwenig,0.05202936550695904,0.04178983547133819,1
338,devny13,0.15881746424200632,0.10030935716061677,1
339,dexter_a_taylor,0.05202936550695904,0.06263387811083082,1
340,dhanndas,0.300816711527256,0.5697317833219949,1
341,dhiggins63,0.14812070832967303,0.1167953743919475,1
342,dhsbluecampaign,0.413569897933165,0.22180647190550215,1
343,dhstokyo,0.5156433305312286,0.23688377651035014,1
344,dialectica6,0.18207903130928815,0.08592399976334196,1
345,diamondandsilk,0.023518771605329593,0.030068974042493608,1
346,dianagallaher,0.06078011352084069,0.045343501437382056,1
347,didikins4life,0.6164280626387617,0.32230602190830704,1
348,dineshdsouza,0.06078011352084069,0.04918384795249982,1
349,dizzle5000,0.6545596461071505,0.5487020083865324,1
350,djlots3,0.5768086562548855,0.8138717339737572,1
351,djohnklein,0.09590276214117437,0.05333128056896264,1
352,djtrumpproof,0.1701324265302999,0.10827700665723966,1
353,dkoehly,0.25152334764543,0.16847316644464133,1
354,dloesch,0.041106740219567735,0.03546593341354506,1
355,dmcelmurray,0.07651310672792835,0.07945465272791494,1
356,docrocktex26,0.07651310672792835,0.09286695366967546,1
357,donaldjtrumpjr,0.032398754737074244,0.03265990956683609,1
358,donnabrazile,0.041106740219567735,0.030068974042493608,1
359,donnafedwards,0.06565556198004287,0.03546593341354506,1
360,donnanoble10th,0.811958127868811,0.23688377651035014,1
361,donnawr8,0.33655519548719853,0.380551857066998,1
362,doodisgirl,0.300816711527256,0.32230602190830704,1
363,doug_wardlow,0.49505756400804624,0.6310548366819692,1
364,dragonphoenix69,0.22179568769021463,0.2691022464970497,1
365,dragonstar028,0.5361761477678701,0.380551857066998,1
366,drbashir2018,0.8358285757752799,0.826453203646374,1
367,drdenagrayson,0.07651310672792835,0.03265990956683609,1
368,drewbledsoe,0.041106740219567735,0.03546593341354506,1
369,drlee4america,0.6164280626387617,0.46359219069702307,1
370,drovera,0.1701324265302999,0.1167953743919475,1
371,drsuedvm,0.22179568769021463,0.23688377651035014,1
372,drtlaleng,0.05624491210051878,0.030068974042493608,1
373,drudge_report,0.04811366570775446,0.09286695366967546,1
374,drumminginavl,0.18207903130928815,0.07945465272791494,1
375,dsam4a,0.11116719108518804,0.07343326191269153,1
376,dtpjustin,0.14812070832967303,0.13558257714003935,1
377,dtwpartygirl,0.23633691139538376,0.13558257714003935,1
378,duetosymmetry,0.09590276214117437,0.038503444945083086,1
379,dustielm,0.5361761477678701,0.5274968237537414,1
380,dustingardiner,0.1285158337598371,0.05780718298413593,1
381,earosemenam,0.10328573467123618,0.08592399976334196,1
382,ebomani,0.06078011352084069,0.07945465272791494,1
383,edkrassen,0.15881746424200632,0.12588928944948308,1
384,education4libs,0.4336774335329319,0.32230602190830704,1
385,egocrata,0.03508264339315584,0.045343501437382056,1
386,egsophie,0.14812070832967303,0.10827700665723966,1
387,ehosseh,0.0,0.0,2
388,eishamisra,0.041106740219567735,0.0215615093045025,1
389,electlong,0.15881746424200632,0.14589765727494236,1
390,elenasaltzman,0.05624491210051878,0.03265990956683609,1
391,elfjcgc,0.04447883217419818,0.045343501437382056,1
392,elizabethforma,0.0,0.0,2
393,ellahbie,0.07651310672792835,0.03265990956683609,1
394,ellenbarkin,0.05202936550695904,0.027677698437753848,1
395,ellenlweintraub,0.05202936550695904,0.06263387811083082,1
396,ellievan65,0.811958127868811,0.8138717339737572,1
397,elmessidi,0.05202936550695904,0.045343501437382056,1
398,emilygorcenski,0.07089257330076087,0.01983296694956421,1
399,emilyslist,0.07089257330076087,0.05780718298413593,1
400,emma4change,0.04811366570775446,0.07343326191269153,1
401,emmavigeland,0.05624491210051878,0.030068974042493608,1
402,emperorgoldhead,0.413569897933165,0.42151725890598224,1
403,emrazz,0.04811366570775446,0.027677698437753848,1
404,eorlins,0.09590276214117437,0.03265990956683609,1
405,eramshaw,0.11116719108518804,0.07343326191269153,1
406,erfinchie,0.06565556198004287,0.04918384795249982,1
407,ericachenoweth,0.18207903130928815,0.09286695366967546,1
408,ericholder,0.032398754737074244,0.025471598156045747,1
409,erictrump,0.029913823351421277,0.0215615093045025,1
410,erincarney,0.1285158337598371,0.07343326191269153,1
411,ethangoro555,0.07089257330076087,0.14589765727494236,1
412,ethunbroken,0.49505756400804624,0.23688377651035014,1
413,ettetrump,0.26734400306340506,0.44245148142042123,1
414,eugenegu,0.05202936550695904,0.07945465272791494,1
415,everytown,0.06078011352084069,0.045343501437382056,1
416,exjon,0.05202936550695904,0.027677698437753848,1
417,expectoresister,0.18207903130928815,0.20742796687543463,1
418,exportedfrommi,0.26734400306340506,0.12588928944948308,1
419,facturfeels,0.0,0.0,2
420,fadhelkaboub,0.11116719108518804,0.06263387811083082,1
421,fahrenthold,0.05202936550695904,0.04178983547133819,1
422,fairdealdavenh,0.11116719108518804,0.22180647190550215,1
423,fawfulfan,0.08899515596679244,0.06263387811083082,1
424,fbcgop,0.10328573467123618,0.12588928944948308,1
425,feight_gmx,0.4540057291614072,0.32230602190830704,1
426,femaregion9,0.15881746424200632,0.05333128056896264,1
427,ferazi1,0.06078011352084069,0.09286695366967546,1
428,fighter_usa_usa,0.7855076010068447,0.9178878139616656,1
429,fightfor15,0.08899515596679244,0.10827700665723966,1
430,findinganswers,0.5156433305312286,0.22180647190550215,1
431,fl18go,0.9006136298589785,0.9298669453061029,1
432,fladems,0.2079055732880228,0.07945465272791494,1
433,flippable_org,0.15881746424200632,0.3039573320934062,1
434,flipthe6thil,0.5768086562548855,0.46359219069702307,1
435,flixbibeau,0.06078011352084069,0.07343326191269153,1
436,flotus,0.041106740219567735,0.038503444945083086,1
437,foramerica,0.037980136466376074,0.030068974042493608,1
438,fordmb1,0.7713044789889335,0.6698271269837389,1
439,foxandfriends,0.04447883217419818,0.038503444945083086,1
440,foxbusiness,0.05624491210051878,0.04918384795249982,1
441,foxnews,0.029913823351421277,0.04178983547133819,1
442,foxnewsinsider,0.06078011352084069,0.10030935716061677,1
443,foxnewsresearch,0.11116719108518804,0.12588928944948308,1
444,franklin_graham,0.027614042942260764,0.023437100509770627,1
445,frankluntz,0.0,0.0,3
446,franksharry,0.04447883217419818,0.045343501437382056,1
447,frankthorp,0.06078011352084069,0.027677698437753848,1
448,fred_guttenberg,0.08899515596679244,0.04178983547133819,1
449,freedomcaucus,0.15881746424200632,0.23688377651035014,1
450,freeegyptpress,0.0,0.0,2
451,freepress,0.15881746424200632,0.23688377651035014,1
452,freeyourmindkid,0.22179568769021463,0.04178983547133819,1
453,fuctupmind,0.0,0.0,2
454,funder,0.28378247513569405,0.10827700665723966,1
455,gabriellaperu,0.041106740219567735,0.04178983547133819,1
456,garrett__levi,0.26734400306340506,0.20742796687543463,1
457,garrettclif,0.5967761711282766,0.6109757209767682,1
458,garretthaake,0.06078011352084069,0.027677698437753848,1
459,gartrelllinda,0.5361761477678701,0.6506901031179089,1
460,gatewaypundit,0.041106740219567735,0.08592399976334196,1
461,gavinnewsom,0.04447883217419818,0.045343501437382056,1
462,gaybonez,0.041106740219567735,0.030068974042493608,1
463,gaye_gallops,0.6545596461071505,0.5487020083865324,1
464,gayleforca,0.13802618960216584,0.06783456974919343,1
465,geekresister07,0.23633691139538376,0.36065190656573104,1
466,genhab16,0.13802618960216584,0.06263387811083082,1
467,georgetakei,0.020018341834482176,0.027677698437753848,1
468,gerardaraud,0.07089257330076087,0.04918384795249982,1
469,getwisdomdude,0.4540057291614072,0.42151725890598224,1
470,ggreenwald,0.032398754737074244,0.025471598156045747,1
471,ghalebalsudmy,0.15881746424200632,0.05780718298413593,1
472,girl4_trump,0.8985848284400695,0.8005982245473489,1
473,girlsreallyrule,0.19466773728450495,0.1167953743919475,1
474,gkeile,0.5361761477678701,0.42151725890598224,1
475,gloriawalthour,0.7713044789889335,0.6884177623265628,1
476,gma,0.06078011352084069,0.03546593341354506,1
477,godlessnz,0.22179568769021463,0.14589765727494236,1
478,goldengateblond,0.04811366570775446,0.030068974042493608,1
479,gop,0.037980136466376074,0.03265990956683609,1
480,gopchairwoman,0.07651310672792835,0.06263387811083082,1
481,gopleader,0.037980136466376074,0.04178983547133819,1
482,gopoversight,0.3742667881821624,0.10827700665723966,1
483,govabbott,0.15881746424200632,0.05780718298413593,1
484,govmalloyoffice,0.11116719108518804,0.12588928944948308,1
485,govmikehuckabee,0.029913823351421277,0.03546593341354506,1
486,gpusyouth,0.08899515596679244,0.038503444945083086,1
487,gqdanny,0.037980136466376074,0.025471598156045747,1
488,grantstern,0.10328573467123618,0.05780718298413593,1
489,grantwood1702,0.2079055732880228,0.23688377651035014,1
490,greendream26,0.25152334764543,0.12588928944948308,1
491,gregorysean8,0.0,0.0,2
492,gregproops,0.06078011352084069,0.027677698437753848,1
493,grey2kusa,0.3184188561317807,0.1167953743919475,1
494,grizzlemeister,0.7248402160410153,0.7405291005715704,1
495,grootresists,0.5967761711282766,0.7064204238004218,1
496,guardian,0.032398754737074244,0.06783456974919343,1
497,guypbenson,0.03508264339315584,0.025471598156045747,1
498,gw1stpotus,0.7409598586102422,0.7866262980972412,1
499,gzornick,0.07089257330076087,0.05780718298413593,1
500,hamillhimself,0.027614042942260764,0.025471598156045747,1
501,harimohan2015,0.5768086562548855,0.7405291005715704,1
502,harleyrouda,0.08899515596679244,0.08592399976334196,1
503,harrylitman,0.05624491210051878,0.045343501437382056,1
504,harunmaruf,0.04447883217419818,0.045343501437382056,1
505,hawaiidelilah,0.14812070832967303,0.04918384795249982,1
506,hawleymo,0.05624491210051878,0.04178983547133819,1
507,heatherlasvegas,0.4540057291614072,0.25265321740844954,1
508,heathermatarazz,0.05624491210051878,0.030068974042493608,1
509,heatherwhaley,0.0825396626774012,0.045343501437382056,1
510,hellocookie,0.05202936550695904,0.05333128056896264,1
511,hesuchacharmer,0.029913823351421277,0.09286695366967546,1
512,heytammybruce,0.05624491210051878,0.038503444945083086,1
513,heytherepilar,0.08899515596679244,0.03546593341354506,1
514,hijade2madre,0.08899515596679244,0.045343501437382056,1
515,hillaryclinton,0.03508264339315584,0.030068974042493608,1
516,hillarypix,0.07089257330076087,0.04918384795249982,1
517,hilzoy,0.05624491210051878,0.05333128056896264,1
518,histoftech,0.0,0.0,2
519,hjbenjamin,0.027614042942260764,0.0215615093045025,1
520,hmaesq,0.15881746424200632,0.06263387811083082,1
521,hmforcongress,0.393746460000491,0.46359219069702307,1
522,hoarsewisperer,0.05202936550695904,0.04178983547133819,1
523,holliesharkey,0.0,0.0,2
524,hosantowskemi,0.07651310672792835,0.07343326191269153,1
525,howling4wolves,0.2079055732880228,0.10827700665723966,1
526,hrc,0.19466773728450495,0.06263387811083082,1
527,huffpost,0.07651310672792835,0.06263387811083082,1
528,iac_tx,0.08899515596679244,0.07343326191269153,1
529,iampowerrising,0.5361761477678701,0.22180647190550215,1
530,iamtiffanygill,0.04811366570775446,0.03546593341354506,1
531,ian56789,0.07089257330076087,0.07945465272791494,1
532,ideagov,0.19466773728450495,0.04178983547133819,1
533,igorvolsky,0.041106740219567735,0.030068974042493608,1
534,igualdadpr,0.0825396626774012,0.06263387811083082,1
535,ikaylareed,0.06565556198004287,0.03265990956683609,1
536,ilaction14th,0.19466773728450495,0.25265321740844954,1
537,iluvely2,0.3742667881821624,0.42151725890598224,1
538,ilyseh,0.11116719108518804,0.038503444945083086,1
539,im_pulse,0.06078011352084069,0.038503444945083086,1
540,imkaylag,0.0,0.0,2
541,imlornadavis,0.0,0.0,2
542,imrayswife52,0.26734400306340506,0.25265321740844954,1
543,indivisible_tn7,0.08899515596679244,0.16847316644464133,1
544,indivisiblemn03,0.300816711527256,0.3039573320934062,1
545,indivisiblenet,0.4336774335329319,0.2691022464970497,1
546,indivisibleteam,0.041106740219567735,0.06783456974919343,1
547,ingrahamangle,0.032398754737074244,0.027677698437753848,1
548,integrity_guy,0.05624491210051878,0.030068974042493608,1
549,irichmillion,0.10328573467123618,0.04918384795249982,1
550,ironick_,0.06565556198004287,0.045343501437382056,1
551,ironstache,0.06078011352084069,0.025471598156045747,1
552,irritatedwoman,0.300816711527256,0.15685510336103622,1
553,italians4trump,0.3184188561317807,0.3039573320934062,1
554,itsmecathi,0.4336774335329319,0.15685510336103622,1
555,ivankatrump,0.032398754737074244,0.023437100509770627,1
556,jackposobiec,0.041106740219567735,0.030068974042493608,1
557,jackthelad1947,0.5565870373496533,0.28621206238390096,1
558,jacobawohl,0.0,0.0,2
559,jacobsoboroff,0.06078011352084069,0.06783456974919343,1
560,jacobwood45,0.28378247513569405,0.14589765727494236,1
561,jahbalon,0.15881746424200632,0.16847316644464133,1
562,jaketapper,0.04447883217419818,0.030068974042493608,1
563,jali_cat,0.635706839522915,0.44245148142042123,1
564,jamesdoss50,0.3184188561317807,0.28621206238390096,1
565,jamesokeefeiii,0.029913823351421277,0.027677698437753848,1
566,jamespmorrison,0.08899515596679244,0.023437100509770627,1
567,jamesrosentv,0.10328573467123618,0.06263387811083082,1
568,jamessmithsc,0.15881746424200632,0.1807672693005155,1
569,jamestalarico,0.23633691139538376,0.13558257714003935,1
570,jamierodr10,0.0,0.0,2
571,jamilsmith,0.041106740219567735,0.038503444945083086,1
572,jamsma,0.15881746424200632,0.19374947883382485,1
573,janet4oh,0.05624491210051878,0.03546593341354506,1
574,janzforcongress,0.0,0.0,0
575,jaredemoskowitz,0.1701324265302999,0.038503444945083086,1
576,jarrettkemp21,0.1701324265302999,0.10030935716061677,1
577,jasonbaum,0.300816711527256,0.19374947883382485,1
578,jasoncrowco6,0.11956986651967942,0.10030935716061677,1
579,jat1019,0.0,0.0,2
580,jaybeware,0.15881746424200632,0.03265990956683609,1
581,jaybsauceda,0.04447883217419818,0.030068974042493608,1
582,jaye_inusa,0.15881746424200632,0.13558257714003935,1
583,jbendery,0.07089257330076087,0.038503444945083086,1
584,jbozworth,0.28378247513569405,0.2691022464970497,1
585,jclayfield,0.027614042942260764,0.018240414977142547,1
586,jcrockett623,0.6545596461071505,0.40086139116347386,1
587,jeanettejing,0.0,0.0,2
588,jeaniene_frost,0.041106740219567735,0.030068974042493608,1
589,jedhensley,0.22179568769021463,0.1167953743919475,1
590,jediqgjinn,0.0,0.0,2
591,jemelehill,0.027614042942260764,0.0215615093045025,1
592,jen_c_,0.6729387518017023,0.36065190656573104,1
593,jeneps,0.06565556198004287,0.038503444945083086,1
594,jengranholm,0.15881746424200632,0.05780718298413593,1
595,jenniferjjacobs,0.1285158337598371,0.07945465272791494,1
596,jenniffer2012,0.04811366570775446,0.027677698437753848,1
597,jenny_pryde,0.1701324265302999,0.08592399976334196,1
598,jennycohn1,0.15881746424200632,0.06783456974919343,1
599,jentezen,0.037980136466376074,0.030068974042493608,1
600,jerameyforms,0.22179568769021463,0.16847316644464133,1
601,jeremygibson54,0.3184188561317807,0.42151725890598224,1
602,jerilryan,0.0254864249403189,0.038503444945083086,1
603,jeromehaig,0.05624491210051878,0.05333128056896264,1
604,jerridougherty,0.5361761477678701,0.5061919589474342,1
605,jerrydunleavy,0.041106740219567735,0.025471598156045747,1
606,jesselehrich,0.0825396626774012,0.04918384795249982,1
607,jessica_vandall,0.3742667881821624,0.25265321740844954,1
608,jessiejaneduff,0.4336774335329319,0.22180647190550215,1
609,jfkbismuth,0.07651310672792835,0.10827700665723966,1
610,jidk1187,0.2079055732880228,0.380551857066998,1
611,jillibean557,0.49505756400804624,0.6506901031179089,1
612,jim_jordan,0.041106740219567735,0.045343501437382056,1
613,jimananich,0.06565556198004287,0.03265990956683609,1
614,jimcarrey,0.04811366570775446,0.045343501437382056,1
615,jimmy_dore,0.06565556198004287,0.05780718298413593,1
616,jimmykimmel,0.027614042942260764,0.01677355370664861,1
617,jimsciutto,0.06565556198004287,0.030068974042493608,1
618,jjs5547,0.8762045479593887,0.7405291005715704,1
619,jjz1600,0.08899515596679244,0.06263387811083082,1
620,jmartnyt,0.06078011352084069,0.05333128056896264,1
621,joanofamerica,0.4336774335329319,0.6506901031179089,1
622,joaquincastrotx,0.04447883217419818,0.03546593341354506,1
623,joebiden,0.03508264339315584,0.03546593341354506,1
624,joefaz,0.635706839522915,0.6109757209767682,1
625,joeforindiana,0.0825396626774012,0.13558257714003935,1
626,joelpollak,0.11116719108518804,0.027677698437753848,1
627,joenbc,0.029913823351421277,0.025471598156045747,1
628,johnbrennan,0.041106740219567735,0.04918384795249982,1
629,johncardillo,0.04811366570775446,0.030068974042493608,1
630,johncooper0610,0.3184188561317807,0.2691022464970497,1
631,johnjamesmi,0.09590276214117437,0.045343501437382056,1
632,johnjharwood,0.03508264339315584,0.023437100509770627,1
633,johnpate69,0.26734400306340506,0.2691022464970497,1
634,johntateii,0.08899515596679244,0.09286695366967546,1
635,johnvoelcker,0.14812070832967303,0.04178983547133819,1
636,johnwdean,0.04447883217419818,0.04178983547133819,1
637,johnwmccarthy,0.07651310672792835,0.10827700665723966,1
638,jomaburt,0.04447883217419818,0.03265990956683609,1
639,joncoopertweets,0.19466773728450495,0.12588928944948308,1
640,jonfavs,0.029913823351421277,0.03546593341354506,1
641,joparimi,0.4336774335329319,0.46359219069702307,1
642,jordanuhl,0.10328573467123618,0.030068974042493608,1
643,josephsakran,0.22179568769021463,0.14589765727494236,1
644,josercabanas,0.13802618960216584,0.28621206238390096,1
645,joshrogin,0.0825396626774012,0.03546593341354506,1
646,joshtpm,0.027614042942260764,0.023437100509770627,1
647,jourdanjd,0.03508264339315584,0.023437100509770627,1
648,joyannreid,0.04811366570775446,0.03265990956683609,1
649,joycewhitevance,0.027614042942260764,0.025471598156045747,1
650,jrubinblogger,0.0254864249403189,0.03265990956683609,1
651,jstein_wapo,0.05202936550695904,0.03265990956683609,1
652,juancow,0.07089257330076087,0.025471598156045747,1
653,juddlegum,0.032398754737074244,0.03546593341354506,1
654,judicialwatch,0.032398754737074244,0.04918384795249982,1
655,juliaioffe,0.05624491210051878,0.01983296694956421,1
656,julibriskman,0.0825396626774012,0.04178983547133819,1
657,juliusgoat,0.041106740219567735,0.023437100509770627,1
658,junga_ii,0.33655519548719853,0.3039573320934062,1
659,junior_naa,0.14812070832967303,0.07945465272791494,1
660,junklover3,0.10328573467123618,0.08592399976334196,1
661,justicedems,0.06078011352084069,0.027677698437753848,1
662,jynerso_2017,0.0,0.0,2
663,k_beckerle,0.06565556198004287,0.045343501437382056,1
664,kaitlancollins,0.041106740219567735,0.03265990956683609,1
665,kaivanshroff,0.06078011352084069,0.04918384795249982,1
666,kalidenalimusic,0.14812070832967303,0.06783456974919343,1
667,kamalaharris,0.037980136466376074,0.03265990956683609,1
668,kamvtv,0.07089257330076087,0.08592399976334196,1
669,kanudhiman,0.18207903130928815,0.10827700665723966,1
670,karenattiah,0.07651310672792835,0.03265990956683609,1
671,kasie,0.032398754737074244,0.030068974042493608,1
672,kasiedc,0.06565556198004287,0.05780718298413593,1
673,kassandraseven,0.7409598586102422,0.380551857066998,1
674,kateandrs,0.041106740219567735,0.038503444945083086,1
675,katevasey,0.11956986651967942,0.14589765727494236,1
676,kathygriffin,0.032398754737074244,0.025471598156045747,1
677,katiepavlich,0.0,0.0,3
678,katkel_sc,0.25152334764543,0.13558257714003935,1
679,kayajones,0.05202936550695904,0.045343501437382056,1
680,kaykers09,0.037980136466376074,0.01677355370664861,1
681,kaylee_frye2017,0.3551862170861128,0.23688377651035014,1
682,kaylee_greenlee,0.05202936550695904,0.045343501437382056,1
683,kayleighmcenany,0.041106740219567735,0.03546593341354506,1
684,keithboykin,0.07089257330076087,0.03265990956683609,1
685,keithellison,0.037980136466376074,0.027677698437753848,1
686,kellsbellssc,0.6729387518017023,0.46359219069702307,1
687,kelseytleonard,0.413569897933165,0.3039573320934062,1
688,kenanrahmani,0.18207903130928815,0.20742796687543463,1
689,kenny10158,0.0,0.0,2
690,kerpen,0.07089257330076087,0.05780718298413593,1
691,kerriharrisde,0.2079055732880228,0.12588928944948308,1
692,kevasrobert,0.6164280626387617,0.6698271269837389,1
693,kevinbooker212,0.28378247513569405,0.28621206238390096,1
694,kevinmkruse,0.07651310672792835,0.03265990956683609,1
695,kfaragon,0.06078011352084069,0.027677698437753848,1
696,kharyp,0.26734400306340506,0.20742796687543463,1
697,killermike,0.029913823351421277,0.018240414977142547,1
698,kilmeade,0.029913823351421277,0.030068974042493608,1
699,kimstrassel,0.032398754737074244,0.025471598156045747,1
700,kiwiheather,0.15881746424200632,0.10827700665723966,1
701,klynnrossi,0.0,0.0,2
702,knahcsca,0.5361761477678701,0.3039573320934062,1
703,knightmbs,0.14812070832967303,0.06783456974919343,1
704,knitree,0.300816711527256,0.23688377651035014,1
705,knittinglinda,0.4744885412906753,0.23688377651035014,1
706,kodaksavage,0.26734400306340506,0.32230602190830704,1
707,kohenari,0.04811366570775446,0.025471598156045747,1
708,kohkohbxtchzz,0.07651310672792835,0.03265990956683609,1
709,krassenstein,0.26734400306340506,0.25265321740844954,1
710,kristenclarkejd,0.09590276214117437,0.05780718298413593,1
711,kristentullo,0.23633691139538376,0.16847316644464133,1
712,kristnovoselic,0.020018341834482176,0.030068974042493608,1
713,kurteichenwald,0.027614042942260764,0.06783456974919343,1
714,kwameraoul,0.1701324265302999,0.22180647190550215,1
715,kwilli1046,0.8468202684509261,0.380551857066998,1
716,kylegriffin1,0.07089257330076087,0.07343326191269153,1
717,kyrazoog,0.03508264339315584,0.04178983547133819,1
718,lady_star_gem,0.28378247513569405,0.2691022464970497,1
719,ladyhawkerfinds,0.4336774335329319,0.6109757209767682,1
720,ladywrenresists,0.3742667881821624,0.380551857066998,1
721,laikenjordahl,0.10328573467123618,0.06783456974919343,1
722,lanegrisgt,0.037980136466376074,0.03546593341354506,1
723,lanewshub,0.7564524646655568,0.7064204238004218,1
724,laneyyboyytalkk,0.04811366570775446,0.038503444945083086,1
725,lannisterceo,0.0,0.0,2
726,lannisternbdr,0.0,0.0,2
727,larryelder,0.032398754737074244,0.023437100509770627,1
728,larslarsonshow,0.03508264339315584,0.04178983547133819,1
729,latimes,0.04811366570775446,0.06263387811083082,1
730,latinorebels,0.15881746424200632,0.09286695366967546,1
731,latinos4bernie,0.13802618960216584,0.12588928944948308,1
732,lauradfrancis,0.08899515596679244,0.10030935716061677,1
733,laureldavilacpa,0.7409598586102422,0.46359219069702307,1
734,laurenduca,0.05624491210051878,0.023437100509770627,1
735,law_mana,0.041106740219567735,0.04178983547133819,1
736,lawrence,0.027614042942260764,0.030068974042493608,1
737,leahmcelrath,0.07089257330076087,0.030068974042493608,1
738,leannewattphd,0.1701324265302999,0.1167953743919475,1
739,leavecrosscheck,0.14812070832967303,0.15685510336103622,1
740,leelee71411,0.33655519548719853,0.3039573320934062,1
741,leightonmdaily,0.03508264339315584,0.03546593341354506,1
742,lemieuxlgm,0.07089257330076087,0.03265990956683609,1
743,leonddamasco,0.18207903130928815,0.25265321740844954,1
744,lesleyabravanel,0.1285158337598371,0.04918384795249982,1
745,letsgomathias,0.10328573467123618,0.025471598156045747,1
746,lilmissmilk,0.032398754737074244,0.023437100509770627,1
747,lilysej1,0.3742667881821624,0.23688377651035014,1
748,lilystelmach,0.08899515596679244,0.1167953743919475,1
749,lindseygrahamsc,0.03508264339315584,0.030068974042493608,1
750,lisa4congress,0.9726400642588404,0.9402123048447205,1
751,ljhamilton88,0.4336774335329319,0.16847316644464133,1
752,lolitastad,0.5156433305312286,0.6884177623265628,1
753,longlivekcx,0.0,0.0,2
754,loudobbs,0.03508264339315584,0.03265990956683609,1
755,lrbitisnot,0.5768086562548855,0.42151725890598224,1
756,lucywins2018,0.0,0.0,2
757,lukeoneil47,0.06078011352084069,0.030068974042493608,1
758,lukerohlfing,0.09590276214117437,0.04178983547133819,1
759,lukewearechange,0.041106740219567735,0.030068974042493608,1
760,lunalamala,0.0,0.0,2
761,lunaluvgood2017,0.0,0.0,2
762,macreezy_ubeezy,0.04447883217419818,0.03265990956683609,1
763,madam_president,0.28378247513569405,0.07945465272791494,1
764,maddow,0.032398754737074244,0.04918384795249982,1
765,maddowblog,0.027614042942260764,0.04178983547133819,1
766,maddoxxme,0.7713044789889335,0.7405291005715704,1
767,magagunslinger,0.6545596461071505,0.3039573320934062,1
768,maggieastor,0.05202936550695904,0.04918384795249982,1
769,maggienyt,0.037980136466376074,0.03265990956683609,1
770,mahsasadeghpour,0.06565556198004287,0.03546593341354506,1
771,mahsti25metana1,0.9576942921461962,0.9240939964164224,1
772,maketheroadnj,0.28378247513569405,0.20742796687543463,1
773,makk1123,0.393746460000491,0.3412193545017134,1
774,malcolmnance,0.06565556198004287,0.07945465272791494,1
775,maltesettt,0.635706839522915,0.2691022464970497,1
776,mandelaforwi,0.3551862170861128,0.2691022464970497,1
777,maninthehoody,0.10328573467123618,0.06263387811083082,1
778,marcacaputo,0.07089257330076087,0.038503444945083086,1
779,marceddison,0.037980136466376074,0.025471598156045747,1
780,marchmanross,0.26734400306340506,0.25265321740844954,1
781,marcorubio,0.029913823351421277,0.03265990956683609,1
782,marcthiessen,0.05624491210051878,0.04178983547133819,1
783,marinecorps8541,0.413569897933165,0.25265321740844954,1
784,marjankg,0.19466773728450495,0.08592399976334196,1
785,markbuckawicki,0.26734400306340506,0.32230602190830704,1
786,marklevinshow,0.05624491210051878,0.08592399976334196,1
787,marklutchman,0.0825396626774012,0.10827700665723966,1
788,markruffalo,0.0254864249403189,0.023437100509770627,1
789,marmel,0.11116719108518804,0.04178983547133819,1
790,marthamaccallum,0.03508264339315584,0.025471598156045747,1
791,martinomalley,0.08899515596679244,0.04178983547133819,1
792,marygauthier_,0.041106740219567735,0.03265990956683609,1
793,marywizchicago,0.07089257330076087,0.05333128056896264,1
794,massswan,0.10328573467123618,0.13558257714003935,1
795,mastermind7864,0.3184188561317807,0.23688377651035014,1
796,mastriannichris,0.05202936550695904,0.027677698437753848,1
797,matt17488093,0.5768086562548855,0.40086139116347386,1
798,mattashers,0.0,0.0,2
799,mattcoreyct,0.19466773728450495,0.28621206238390096,1
800,matthewamiller,0.029913823351421277,0.025471598156045747,1
801,matthewjdowd,0.05624491210051878,0.05333128056896264,1
802,matthewstoller,0.05624491210051878,0.023437100509770627,1
803,matthewwolfff,0.49505756400804624,0.46359219069702307,1
804,mattkatz00,0.09590276214117437,0.03265990956683609,1
805,mattmfm,0.05624491210051878,0.030068974042493608,1
806,mattpiontkowski,0.06078011352084069,0.038503444945083086,1
807,mattxred,0.07651310672792835,0.030068974042493608,1
808,maxberger,0.06078011352084069,0.030068974042493608,1
809,maxblumenthal,0.05202936550695904,0.05780718298413593,1
810,maximoalberto,0.07089257330076087,0.10030935716061677,1
811,maziehirono,0.027614042942260764,0.04178983547133819,1
812,mazzucatom,0.18207903130928815,0.09286695366967546,1
813,mc_b__,0.5768086562548855,0.6310548366819692,1
814,mcfaul,0.03508264339315584,0.025471598156045747,1
815,mcgausa,0.25152334764543,0.3039573320934062,1
816,mecfsnews,0.14812070832967303,0.06783456974919343,1
817,mediaequalizer,0.04811366570775446,0.06783456974919343,1
818,mediaite,0.10328573467123618,0.16847316644464133,1
819,meghanmccain,0.027614042942260764,0.01983296694956421,1
820,mehdirhasan,0.04811366570775446,0.030068974042493608,1
821,mehmetzied,0.1285158337598371,0.15685510336103622,1
822,mepfuller,0.05202936550695904,0.038503444945083086,1
823,meticulouspaul,0.6908019160064479,0.6698271269837389,1
824,mfolorlando,0.18207903130928815,0.12588928944948308,1
825,mfolseattle,0.19466773728450495,0.12588928944948308,1
826,mhernan_,0.09590276214117437,0.05780718298413593,1
827,mialdon,0.06078011352084069,0.09286695366967546,1
828,michael36776349,0.0,0.0,2
829,michaelavenatti,0.0,0.0,2
830,michaelayalapr,0.13802618960216584,0.06263387811083082,1
831,michaelskolnik,0.03508264339315584,0.025471598156045747,1
832,michellemalkin,0.04811366570775446,0.03265990956683609,1
833,michelleobama,0.041106740219567735,0.027677698437753848,1
834,midwestspitfire,0.05202936550695904,0.03265990956683609,1
835,mikabee1118,0.5967761711282766,0.6506901031179089,1
836,mikandynothem,0.5565870373496533,0.44245148142042123,1
837,mike_pence,0.027614042942260764,0.03265990956683609,1
838,mikecrapo,0.041106740219567735,0.06263387811083082,1
839,mikedmachesky,0.06078011352084069,0.03265990956683609,1
840,mikefarb1,0.08899515596679244,0.10827700665723966,1
841,mikel_jollett,0.05202936550695904,0.03265990956683609,1
842,mikelevinca,0.11956986651967942,0.09286695366967546,1
843,mikepompeo4usa,0.2079055732880228,0.1167953743919475,1
844,miketokes,0.03508264339315584,0.06263387811083082,1
845,mikeytheweasel,0.15881746424200632,0.13558257714003935,1
846,mikkonenhannu,0.07089257330076087,0.13558257714003935,1
847,millenpolitics,0.15881746424200632,0.10030935716061677,1
848,milliennial,0.11956986651967942,0.22180647190550215,1
849,millietiffany,0.5156433305312286,0.28621206238390096,1
850,mims,0.06565556198004287,0.038503444945083086,1
851,minamarae,0.0,0.0,2
852,minervasbard,0.393746460000491,0.32230602190830704,1
853,mineworkers,0.06565556198004287,0.07343326191269153,1
854,minh81,0.08899515596679244,0.04178983547133819,1
855,minnesotadfl,0.08899515596679244,0.07945465272791494,1
856,mis2127,0.05202936550695904,0.04918384795249982,1
857,missgfycuffy,0.33655519548719853,0.42151725890598224,1
858,missmayn,0.08899515596679244,0.027677698437753848,1
859,missnyettrump,0.0,0.0,3
860,mitchellreports,0.027614042942260764,0.025471598156045747,1
861,mitchellvii,0.07651310672792835,0.15685510336103622,1
862,mk5patriot,0.393746460000491,0.6506901031179089,1
863,mkraju,0.04811366570775446,0.038503444945083086,1
864,mljackson12,0.4540057291614072,0.19374947883382485,1
865,mmflint,0.0254864249403189,0.025471598156045747,1
866,mmpadellan,0.13802618960216584,0.20742796687543463,1
867,moadow,0.05624491210051878,0.04178983547133819,1
868,modemparty,0.04811366570775446,0.08592399976334196,1
869,mohua_chat,0.14812070832967303,0.15685510336103622,1
870,mollyjongfast,0.07651310672792835,0.030068974042493608,1
871,mollymacinblack,0.300816711527256,0.07945465272791494,1
872,monica_wilcox,0.3184188561317807,0.12588928944948308,1
873,moopersists,0.5156433305312286,0.46359219069702307,1
874,morethanmysle,0.4336774335329319,0.3412193545017134,1
875,morethanpsych,0.22179568769021463,0.20742796687543463,1
876,morganheritage,0.0825396626774012,0.04918384795249982,1
877,morning_joe,0.027614042942260764,0.03265990956683609,1
878,motherjones,0.027614042942260764,0.03265990956683609,1
879,moveon,0.05624491210051878,0.045343501437382056,1
880,mpowersnorrell,0.0825396626774012,0.038503444945083086,1
881,mrdolcethecat,0.6908019160064479,0.7405291005715704,1
882,mredshirtshaw,0.08899515596679244,0.045343501437382056,1
883,mrfilmkritik,0.23633691139538376,0.380551857066998,1
884,mrtom101,0.413569897933165,0.8495856011768973,1
885,msbrneyes55,0.5967761711282766,0.32230602190830704,1
886,mschlapp,0.05202936550695904,0.03265990956683609,1
887,msmariat,0.11116719108518804,0.05333128056896264,1
888,msnbc,0.03508264339315584,0.03546593341354506,1
889,murielbowser,0.05202936550695904,0.10030935716061677,1
890,muslimiq,0.0,0.0,0
891,mvhaydencenter,0.2079055732880228,0.09286695366967546,1
892,myserenity69,0.7248402160410153,0.6310548366819692,1
893,mzhemingway,0.032398754737074244,0.027677698437753848,1
894,naacp,0.0825396626774012,0.1167953743919475,1
895,nachristakis,0.04811366570775446,0.030068974042493608,1
896,nadinevdvelde,0.10328573467123618,0.04918384795249982,1
897,nancyjkoch,0.7713044789889335,0.7719542327261165,1
898,nancypelosi,0.0,0.0,2
899,nancyvanmeter,0.22179568769021463,0.19374947883382485,1
900,nancywilson,0.029913823351421277,0.030068974042493608,1
901,naral,0.04811366570775446,0.07945465272791494,1
902,nascargirl48,0.10328573467123618,0.1167953743919475,1
903,nash076,0.06078011352084069,0.03546593341354506,1
904,natalieelsberg,0.11116719108518804,0.06783456974919343,1
905,natashabertrand,0.032398754737074244,0.0215615093045025,1
906,nate_cohn,0.037980136466376074,0.023437100509770627,1
907,natesilver538,0.0254864249403189,0.027677698437753848,1
908,nathanhrubin,0.26734400306340506,0.19374947883382485,1
909,nathanlerner,0.13802618960216584,0.05780718298413593,1
910,nationalnow,0.11116719108518804,0.06783456974919343,1
911,natsecaction,0.08899515596679244,0.22180647190550215,1
912,nbcnews,0.04811366570775446,0.06783456974919343,1
913,nbcpolitics,0.027614042942260764,0.04178983547133819,1
914,nebula_gotg_17,0.4336774335329319,0.32230602190830704,1
915,neeratanden,0.04811366570775446,0.03265990956683609,1
916,nelsonforsenate,0.1701324265302999,0.13558257714003935,1
917,nestorduprey,0.06078011352084069,0.038503444945083086,1
918,nettles_86,0.09590276214117437,0.07343326191269153,1
919,nevernotever,0.037980136466376074,0.03265990956683609,1
920,newrightnetwork,0.3551862170861128,0.40086139116347386,1
921,newshour,0.09590276214117437,0.1167953743919475,1
922,newwisgov,0.15881746424200632,0.13558257714003935,1
923,newyorker,0.027614042942260764,0.030068974042493608,1
924,nfib,0.28378247513569405,0.23688377651035014,1
925,nicholsuprising,0.037980136466376074,0.03546593341354506,1
926,nickforva,0.08899515596679244,0.04178983547133819,1
927,nickiknowsnada,0.4744885412906753,0.5487020083865324,1
928,nickkristof,0.03508264339315584,0.0215615093045025,1
929,nicolenavega,0.8669901931103381,0.9567532288569174,1
930,nihadawad,0.07651310672792835,0.038503444945083086,1
931,nikkihaley,0.07089257330076087,0.05333128056896264,1
932,nikkiwentling,0.10328573467123618,0.05780718298413593,1
933,nikocsfb,0.07651310672792835,0.06783456974919343,1
934,ninaturner,0.08899515596679244,0.06783456974919343,1
935,nmalliotakis,0.14812070832967303,0.04918384795249982,1
936,no2censorship,0.393746460000491,0.32230602190830704,1
937,noahpinion,0.041106740219567735,0.04178983547133819,1
938,nokidhungry,0.13802618960216584,0.28621206238390096,1
939,normajtorres,0.07651310672792835,0.027677698437753848,1
940,normeisen,0.041106740219567735,0.03546593341354506,1
941,nowthisnews,0.04447883217419818,0.10030935716061677,1
942,npr,0.19466773728450495,0.07945465272791494,1
943,nunbergsam,0.09590276214117437,0.08592399976334196,1
944,nvdems,0.10328573467123618,0.07945465272791494,1
945,nwotars,0.0,0.0,2
946,nycdsa,0.08899515596679244,0.09286695366967546,1
947,nycfirstlady,0.07089257330076087,0.14589765727494236,1
948,nycsouthpaw,0.08899515596679244,0.045343501437382056,1
949,nytimes,0.06078011352084069,0.045343501437382056,1
950,nytopinion,0.037980136466376074,0.038503444945083086,1
951,ocasio2018,0.0,0.0,2
952,ocsheriff,0.22179568769021463,0.23688377651035014,1
953,odontuyas,0.05202936550695904,0.038503444945083086,1
954,ohdems,0.14812070832967303,0.06783456974919343,1
955,ohiowomensmarch,0.10328573467123618,0.1167953743919475,1
956,ohnoshetwitnt,0.04811366570775446,0.03546593341354506,1
957,okcallmeal,0.09590276214117437,0.045343501437382056,1
958,old_osc,0.49505756400804624,0.23688377651035014,1
959,olystand,0.300816711527256,0.25265321740844954,1
960,omaraslamlugo,0.11956986651967942,0.07343326191269153,1
961,omarinthehouse_,0.23633691139538376,0.19374947883382485,1
962,on_the_hook,0.7855076010068447,0.7064204238004218,1
963,on_two_three,0.06565556198004287,0.07343326191269153,1
964,oneunderscore__,0.07089257330076087,0.03265990956683609,1
965,onstolensoil,0.0,0.0,2
966,oohlola57,0.13802618960216584,0.15685510336103622,1
967,opportunity1st,0.4336774335329319,0.36065190656573104,1
968,otherbecky,0.04447883217419818,0.030068974042493608,1
969,ourrevolution,0.15881746424200632,0.15685510336103622,1
970,ourrevolutionil,0.0,0.0,2
971,outfrontcnn,0.029913823351421277,0.027677698437753848,1
972,overyoder1,0.22179568769021463,0.1807672693005155,1
973,owillis,0.11116719108518804,0.045343501437382056,1
974,palestinepr,0.19466773728450495,0.13558257714003935,1
975,palmerreport,0.26734400306340506,0.23688377651035014,1
976,pamben01,0.0,0.0,2
977,pammygun,0.14812070832967303,0.15685510336103622,1
978,pangunaar,0.3551862170861128,0.12588928944948308,1
979,parkermolloy,0.032398754737074244,0.030068974042493608,1
980,parscale,0.0254864249403189,0.0215615093045025,1
981,patkarshraddha,0.7248402160410153,0.7238002465135849,1
982,patrici15767099,0.26734400306340506,0.1167953743919475,1
983,patrickpetty23,0.07651310672792835,0.1167953743919475,1
984,patricksvitek,0.10328573467123618,0.08592399976334196,1
985,patriot261,0.23633691139538376,0.08592399976334196,1
986,patriotpennsy,0.6729387518017023,0.6698271269837389,1
987,pattyarquette,0.05202936550695904,0.027677698437753848,1
988,pattymurray,0.03508264339315584,0.04918384795249982,1
989,paulbabeuaz,0.08899515596679244,0.07945465272791494,1
990,paulkrugman,0.032398754737074244,0.03265990956683609,1
991,paz4u,0.11116719108518804,0.04918384795249982,1
992,pdacosta,0.22179568769021463,0.06783456974919343,1
993,peggyflanagan,0.1285158337598371,0.15685510336103622,1
994,penamerican,0.05624491210051878,0.04918384795249982,1
995,pendarvisfor35,0.28378247513569405,0.3039573320934062,1
996,penningtonkm,0.8572017689651149,0.8495856011768973,1
997,perrotti1,0.8669901931103381,0.8005982245473489,1
998,peteralexander,0.027614042942260764,0.030068974042493608,1
999,peterbakernyt,0.041106740219567735,0.025471598156045747,1
1000,peterdaou,0.05202936550695904,0.027677698437753848,1
1001,petermambler,0.041106740219567735,0.10030935716061677,1
1002,pford216,0.11116719108518804,0.15685510336103622,1
1003,phil4gop,0.4744885412906753,0.40086139116347386,1
1004,philiprucker,0.041106740219567735,0.023437100509770627,1
1005,phxken,0.393746460000491,0.5487020083865324,1
1006,piacarusone,0.1285158337598371,0.09286695366967546,1
1007,pickwhit,0.08899515596679244,0.10827700665723966,1
1008,pie_socialmedia,0.0,0.0,2
1009,pinkbelgium,0.413569897933165,0.3412193545017134,1
1010,piperperabo,0.04447883217419818,0.04178983547133819,1
1011,pjhoody,0.04811366570775446,0.027677698437753848,1
1012,pjsykes,0.04811366570775446,0.03546593341354506,1
1013,playstrumpcard,0.3742667881821624,0.3412193545017134,1
1014,podsaveamerica,0.06565556198004287,0.09286695366967546,1
1015,polishprincessh,0.5361761477678701,0.46359219069702307,1
1016,politicaldoggy,0.8242118832176379,0.6698271269837389,1
1017,politicalmiller,0.05624491210051878,0.038503444945083086,1
1018,politicalshort,0.05202936550695904,0.038503444945083086,1
1019,politick_rick,0.18207903130928815,0.20742796687543463,1
1020,politico,0.05202936550695904,0.1167953743919475,1
1021,porpentina2017,0.6545596461071505,0.6698271269837389,1
1022,pouryekta,0.07651310672792835,0.14589765727494236,1
1023,powerdbypassion,0.05624491210051878,0.03265990956683609,1
1024,ppact,0.029913823351421277,0.07343326191269153,1
1025,prathy13,0.3742667881821624,0.5274968237537414,1
1026,preetbharara,0.04447883217419818,0.03265990956683609,1
1027,presssec,0.029913823351421277,0.04918384795249982,1
1028,pride_portraits,0.5361761477678701,0.2691022464970497,1
1029,princesssbob,0.393746460000491,0.32230602190830704,1
1030,prisonplanet,0.021699646312393697,0.025471598156045747,1
1031,propornot,0.11956986651967942,0.14589765727494236,1
1032,propublica,0.06565556198004287,0.04178983547133819,1
1033,proudresister,0.25152334764543,0.19374947883382485,1
1034,pru_fallows,0.4540057291614072,0.42151725890598224,1
1035,ptmarigan,0.4540057291614072,0.5061919589474342,1
1036,ptrtldy1l,0.1285158337598371,0.09286695366967546,1
1037,public_citizen,0.14812070832967303,0.09286695366967546,1
1038,punishpence,0.6908019160064479,0.8138717339737572,1
1039,qanonpatriot,0.08899515596679244,0.045343501437382056,1
1040,queerdsa,0.2079055732880228,0.08592399976334196,1
1041,rachelnoelle13,0.0,0.0,2
1042,rafaelmerrydel1,0.18207903130928815,0.28621206238390096,1
1043,raip39955755,0.5361761477678701,0.5905129273413294,1
1044,ralphbakshi,0.08899515596679244,0.05780718298413593,1
1045,randpaul,0.037980136466376074,0.030068974042493608,1
1046,rawstory,0.14812070832967303,0.22180647190550215,1
1047,rbreich,0.032398754737074244,0.03265990956683609,1
1048,realcandaceo,0.029913823351421277,0.06263387811083082,1
1049,realdonaldtrump,0.037980136466376074,0.03265990956683609,1
1050,realdrgina,0.14812070832967303,0.13558257714003935,1
1051,realjack,0.3742667881821624,0.40086139116347386,1
1052,realjameswoods,0.05202936550695904,0.045343501437382056,1
1053,realjeffreyp,0.0825396626774012,0.05780718298413593,1
1054,realkylemorris,0.06565556198004287,0.03265990956683609,1
1055,reallymarcia,0.032398754737074244,0.023437100509770627,1
1056,realmagasteve,0.5156433305312286,0.5061919589474342,1
1057,realsaavedra,0.07089257330076087,0.06263387811083082,1
1058,realtimblack,0.22179568769021463,0.15685510336103622,1
1059,realtrumperland,0.28378247513569405,0.36065190656573104,1
1060,reappropriate,0.07089257330076087,0.06783456974919343,1
1061,rebeccavallas,0.09590276214117437,0.045343501437382056,1
1062,redistrict,0.05202936550695904,0.038503444945083086,1
1063,rednationrising,0.33655519548719853,0.1807672693005155,1
1064,redsteeze,0.04811366570775446,0.023437100509770627,1
1065,redtraccoon,0.26734400306340506,0.19374947883382485,1
1066,reflog_18,0.14812070832967303,0.05333128056896264,1
1067,rejects,0.04447883217419818,0.0215615093045025,1
1068,remi_fiore,0.07651310672792835,0.06263387811083082,1
1069,renato_mariotti,0.05624491210051878,0.07343326191269153,1
1070,reneecarrollaz,0.8242118832176379,0.6884177623265628,1
1071,repadamschiff,0.037980136466376074,0.04918384795249982,1
1072,repcurbelo,0.0,0.0,2
1073,repdavidkustoff,0.11116719108518804,0.13558257714003935,1
1074,repdougcollins,0.04447883217419818,0.05333128056896264,1
1075,repespaillat,0.26734400306340506,0.1807672693005155,1
1076,repgosar,0.08899515596679244,0.06263387811083082,1
1077,repjayapal,0.10328573467123618,0.06263387811083082,1
1078,repjerrynadler,0.04811366570775446,0.07343326191269153,1
1079,repjoekennedy,0.05202936550695904,0.03265990956683609,1
1080,repjohnlewis,0.04811366570775446,0.045343501437382056,1
1081,replacepaulsen,0.0,0.0,2
1082,repmaloney,0.09590276214117437,0.04918384795249982,1
1083,repmarkmeadows,0.0254864249403189,0.04178983547133819,1
1084,repmaxinewaters,0.037980136466376074,0.025471598156045747,1
1085,reprokhanna,0.10328573467123618,0.07945465272791494,1
1086,reproybalallard,0.14812070832967303,0.08592399976334196,1
1087,repswalwell,0.05624491210051878,0.03265990956683609,1
1088,repterrisewell,0.15881746424200632,0.16847316644464133,1
1089,repvaldemings,0.13802618960216584,0.07945465272791494,1
1090,repyvetteclarke,0.08899515596679244,0.12588928944948308,1
1091,reuters,0.029913823351421277,0.04918384795249982,1
1092,revdrbarber,0.037980136466376074,0.045343501437382056,1
1093,revolution_la_,0.0,0.0,2
1094,rezazia,0.11116719108518804,0.10827700665723966,1
1095,ricardollerandi,0.0825396626774012,0.038503444945083086,1
1096,richard_schiff,0.03508264339315584,0.025471598156045747,1
1097,rick_ferri,0.0825396626774012,0.038503444945083086,1
1098,rickyrossello,0.07089257330076087,0.07945465272791494,1
1099,ridgereaper68,0.4744885412906753,0.5061919589474342,1
1100,ringoffireradio,0.19466773728450495,0.2691022464970497,1
1101,rissalipstick,0.413569897933165,0.10827700665723966,1
1102,rnrarizona,0.3742667881821624,0.3039573320934062,1
1103,robertj316,0.1285158337598371,0.05333128056896264,1
1104,robmaness,0.08899515596679244,0.045343501437382056,1
1105,robreiner,0.03508264339315584,0.045343501437382056,1
1106,robyn_seniors,0.04447883217419818,0.04178983547133819,1
1107,rockinrobin129,0.04811366570775446,0.04178983547133819,1
1108,rodstryker,0.300816711527256,0.5061919589474342,1
1109,roguenasa,0.03508264339315584,0.03546593341354506,1
1110,rokhanna,0.05624491210051878,0.07945465272791494,1
1111,rolandscahill,0.1285158337598371,0.07343326191269153,1
1112,ron_fournier,0.0825396626774012,0.027677698437753848,1
1113,ronaldklain,0.06565556198004287,0.07343326191269153,1
1114,ronanfarrow,0.037980136466376074,0.030068974042493608,1
1115,rondesantisfl,0.19466773728450495,0.20742796687543463,1
1116,rootbob,0.04811366570775446,0.04918384795249982,1
1117,roselyn_romero,0.041106740219567735,0.038503444945083086,1
1118,rosenfornevada,0.09590276214117437,0.12588928944948308,1
1119,roslehtinen,0.0825396626774012,0.06263387811083082,1
1120,rsultzba,0.6729387518017023,0.46359219069702307,1
1121,ruthforhouse,0.2079055732880228,0.3039573320934062,1
1122,rvawonk,0.037980136466376074,0.027677698437753848,1
1123,rwpminnesota,0.635706839522915,0.46359219069702307,1
1124,rwpusa,0.027614042942260764,0.03265990956683609,1
1125,ryanafournier,0.413569897933165,0.16847316644464133,1
1126,ryangrim,0.0825396626774012,0.027677698437753848,1
1127,ryanmauro,0.15881746424200632,0.09286695366967546,1
1128,sabineresists,0.7409598586102422,0.5274968237537414,1
1129,sabrinamahmoodi,0.07089257330076087,0.04178983547133819,1
1130,sagarcher,0.7564524646655568,0.7238002465135849,1
1131,sahilkapur,0.05624491210051878,0.03546593341354506,1
1132,sahluwal,0.06078011352084069,0.03546593341354506,1
1133,samadlerbell,0.04811366570775446,0.023437100509770627,1
1134,samanthajpower,0.18207903130928815,0.12588928944948308,1
1135,samstein,0.03508264339315584,0.0215615093045025,1
1136,samswey,0.04447883217419818,0.05780718298413593,1
1137,sandinin,0.28378247513569405,0.10827700665723966,1
1138,sandrahartle,0.3742667881821624,0.4848645828256039,1
1139,sara_arub,0.4336774335329319,0.3039573320934062,1
1140,saracarterdc,0.041106740219567735,0.045343501437382056,1
1141,saragoldrickrab,0.28378247513569405,0.13558257714003935,1
1142,sarahbmaine,0.0825396626774012,0.038503444945083086,1
1143,sarahcpr,0.07651310672792835,0.023437100509770627,1
1144,sarahkendzior,0.05624491210051878,0.030068974042493608,1
1145,sarahksilverman,0.027614042942260764,0.01983296694956421,1
1146,sarahpalinusa,0.041106740219567735,0.05780718298413593,1
1147,saranyamahaling,0.6729387518017023,0.7565854729457974,1
1148,sassballer,0.06078011352084069,0.030068974042493608,1
1149,sayshummingbird,0.3184188561317807,0.19374947883382485,1
1150,scemd,0.2079055732880228,0.1167953743919475,1
1151,schmangee,0.09590276214117437,0.05333128056896264,1
1152,schriock1,0.0825396626774012,0.06263387811083082,1
1153,scnationalguard,0.19466773728450495,0.14589765727494236,1
1154,scottbraddock,0.09590276214117437,0.045343501437382056,1
1155,scottdetrow,0.06565556198004287,0.07343326191269153,1
1156,scotthech,0.10328573467123618,0.03546593341354506,1
1157,scottpresler,0.28378247513569405,0.36065190656573104,1
1158,scotttaylorva,0.0825396626774012,0.03546593341354506,1
1159,seanmcelwee,0.08899515596679244,0.03265990956683609,1
1160,seanpjohnson,0.04811366570775446,0.03265990956683609,1
1161,seanspicer,0.037980136466376074,0.03265990956683609,1
1162,sebgorka,0.04811366570775446,0.03265990956683609,1
1163,secpompeo,0.05624491210051878,0.07343326191269153,1
1164,secretgamergrrl,0.04811366570775446,0.13558257714003935,1
1165,securedemocracy,0.2079055732880228,0.28621206238390096,1
1166,senatedems,0.04811366570775446,0.10030935716061677,1
1167,senatordurbin,0.032398754737074244,0.03265990956683609,1
1168,senatorheitkamp,0.041106740219567735,0.03546593341354506,1
1169,senatorleahy,0.041106740219567735,0.05333128056896264,1
1170,senatormenendez,0.04811366570775446,0.03546593341354506,1
1171,senblumenthal,0.03508264339315584,0.045343501437382056,1
1172,senbooker,0.04447883217419818,0.06263387811083082,1
1173,sencortezmasto,0.11116719108518804,0.10030935716061677,1
1174,senduckworth,0.041106740219567735,0.038503444945083086,1
1175,senfeinstein,0.029913823351421277,0.04178983547133819,1
1176,sengillibrand,0.03508264339315584,0.038503444945083086,1
1177,senjeffmerkley,0.10328573467123618,0.06263387811083082,1
1178,senjohnmccain,0.0254864249403189,0.03265990956683609,1
1179,senkamalaharris,0.06565556198004287,0.10030935716061677,1
1180,senmarkey,0.05202936550695904,0.05333128056896264,1
1181,senorrinhatch,0.032398754737074244,0.030068974042493608,1
1182,senrubiopress,0.07089257330076087,0.045343501437382056,1
1183,sensanders,0.0254864249403189,0.05780718298413593,1
1184,senschumer,0.05202936550695904,0.04178983547133819,1
1185,senwarren,0.027614042942260764,0.05333128056896264,1
1186,sethabramson,0.041106740219567735,0.025471598156045747,1
1187,seungminkim,0.03508264339315584,0.03265990956683609,1
1188,sexyliberaltour,0.11956986651967942,0.04918384795249982,1
1189,sfl_nick,0.11956986651967942,0.05333128056896264,1
1190,sgisresistance,0.635706839522915,0.6109757209767682,1
1191,shaehag,0.0,0.0,2
1192,shamsaranya,0.33655519548719853,0.3412193545017134,1
1193,shanehelmscom,0.027614042942260764,0.025471598156045747,1
1194,shannonbream,0.029913823351421277,0.03265990956683609,1
1195,shannonrwatts,0.05202936550695904,0.03265990956683609,1
1196,sharylattkisson,0.03508264339315584,0.027677698437753848,1
1197,shaunking,0.07089257330076087,0.038503444945083086,1
1198,shawkanzeid,0.029913823351421277,0.04178983547133819,1
1199,sheistenacious,0.3184188561317807,0.25265321740844954,1
1200,shelovekadenn,0.0,0.0,2
1201,shreec,0.08899515596679244,0.09286695366967546,1
1202,siddonsdan,0.8669901931103381,0.6506901031179089,1
1203,sidneypowell1,0.15881746424200632,0.13558257714003935,1
1204,sifill_ldf,0.1285158337598371,0.045343501437382056,1
1205,silerabbit,0.26734400306340506,0.16847316644464133,1
1206,siracusa,0.04447883217419818,0.023437100509770627,1
1207,siriusxmpatriot,0.07651310672792835,0.07343326191269153,1
1208,sissyroxx,0.1701324265302999,0.10827700665723966,1
1209,sizzoulja,0.029913823351421277,0.0215615093045025,1
1210,slpng_giants,0.04811366570775446,0.023437100509770627,1
1211,smithsoniannmai,0.13802618960216584,0.05333128056896264,1
1212,sniper64286433,0.5768086562548855,0.28621206238390096,1
1213,so_treu,0.0825396626774012,0.04178983547133819,1
1214,soledadobrien,0.07089257330076087,0.09286695366967546,1
1215,solmemes1,0.6908019160064479,0.44245148142042123,1
1216,somosgt,0.0,0.0,3
1217,somuchweirdness,0.06565556198004287,0.06783456974919343,1
1218,sparky_town,0.6908019160064479,0.6698271269837389,1
1219,spartan2dn,0.7990584410047699,0.7405291005715704,1
1220,spelmanites,0.027614042942260764,0.038503444945083086,1
1221,splcenter,0.05624491210051878,0.06263387811083082,1
1222,spmishra,0.05202936550695904,0.04918384795249982,1
1223,spring_harbinge,0.7564524646655568,0.5487020083865324,1
1224,spryguy,0.393746460000491,0.40086139116347386,1
1225,sruhle,0.0254864249403189,0.027677698437753848,1
1226,sscalpings,0.07089257330076087,0.045343501437382056,1
1227,ssparklesdaily,0.11116719108518804,0.14589765727494236,1
1228,staceyabrams,0.041106740219567735,0.04178983547133819,1
1229,stealth0118,0.7855076010068447,0.6506901031179089,1
1230,stefan24frei,0.11116719108518804,0.03546593341354506,1
1231,steph_laps,0.07651310672792835,0.05780718298413593,1
1232,stephaniekelton,0.05624491210051878,0.030068974042493608,1
1233,stephenathome,0.037980136466376074,0.030068974042493608,1
1234,stephenking,0.027614042942260764,0.0215615093045025,1
1235,stephparra08,0.09590276214117437,0.05780718298413593,1
1236,stevebousquet,0.09590276214117437,0.06783456974919343,1
1237,stevekerrigan,0.11956986651967942,0.08592399976334196,1
1238,stevensinger3,0.10328573467123618,0.20742796687543463,1
1239,stevepieczenik,0.11956986651967942,0.05333128056896264,1
1240,stevescalise,0.03508264339315584,0.030068974042493608,1
1241,steveschmidtses,0.04811366570775446,0.04178983547133819,1
1242,stonekettle,0.06078011352084069,0.03546593341354506,1
1243,stormresist,0.0,0.0,2
1244,sujataday,0.05624491210051878,0.027677698437753848,1
1245,sukhbaatar_j,0.05202936550695904,0.05780718298413593,1
1246,sup3rnat1jral,0.08899515596679244,0.07343326191269153,1
1247,supportbitkovs,0.11116719108518804,0.08592399976334196,1
1248,surajpatelnyc,0.06565556198004287,0.045343501437382056,1
1249,susan_hennessey,0.029913823351421277,0.03546593341354506,1
1250,susanwturnbull,0.05624491210051878,0.027677698437753848,1
1251,suzi3d,0.07651310672792835,0.03265990956683609,1
1252,swansonpolitics,0.49505756400804624,0.3412193545017134,1
1253,swati_niki26,0.15881746424200632,0.16847316644464133,1
1254,sweetkat111,0.7248402160410153,0.7565854729457974,1
1255,swin24,0.11116719108518804,0.030068974042493608,1
1256,sykesforsenate,0.0,0.0,2
1257,syrian_uruk,0.0,0.0,2
1258,talbertswan,0.10328573467123618,0.03265990956683609,1
1259,tananarivedue,0.15881746424200632,0.045343501437382056,1
1260,taniel,0.05202936550695904,0.03265990956683609,1
1261,taxmarch,0.15881746424200632,0.07945465272791494,1
1262,tdlenergy,0.393746460000491,0.5061919589474342,1
1263,tdpga,0.49505756400804624,0.3412193545017134,1
1264,teamerincruz,0.5768086562548855,0.6310548366819692,1
1265,teamjgo51,0.06078011352084069,0.25265321740844954,1
1266,teampelosi,0.04811366570775446,0.05333128056896264,1
1267,teapainusa,0.1701324265302999,0.15685510336103622,1
1268,tedcruz,0.03508264339315584,0.027677698437753848,1
1269,tedlieu,0.032398754737074244,0.03265990956683609,1
1270,teedisme,0.7564524646655568,0.5905129273413294,1
1271,teresa_athome,0.19466773728450495,0.19374947883382485,1
1272,texantruth42,0.0,0.0,2
1273,texasinafrica,0.10328573467123618,0.04178983547133819,1
1274,texastribune,0.28378247513569405,0.2691022464970497,1
1275,the_tara_tweets,0.15881746424200632,0.1167953743919475,1
1276,the_unsilent_,0.0825396626774012,0.03265990956683609,1
1277,thealanvargas,0.413569897933165,0.5061919589474342,1
1278,theatlantic,0.03508264339315584,0.05333128056896264,1
1279,thebeatwithari,0.06565556198004287,0.03546593341354506,1
1280,theboysmithy,0.07089257330076087,0.04918384795249982,1
1281,thebradfordfile,0.08899515596679244,0.05780718298413593,1
1282,thecjpearson,0.029913823351421277,0.030068974042493608,1
1283,thedailybeast,0.041106740219567735,0.045343501437382056,1
1284,thedailyedge,0.2079055732880228,0.09286695366967546,1
1285,thedemcoalition,0.19466773728450495,0.13558257714003935,1
1286,thedemocrats,0.041106740219567735,0.03265990956683609,1
1287,thedonaldreddit,0.05202936550695904,0.045343501437382056,1
1288,thedweck,0.06078011352084069,0.04918384795249982,1
1289,thefrankozjam,0.07089257330076087,0.07945465272791494,1
1290,thefunnymuggle,0.037980136466376074,0.025471598156045747,1
1291,thehill,0.05624491210051878,0.07343326191269153,1
1292,theintercept,0.032398754737074244,0.045343501437382056,1
1293,theloyalo,0.14812070832967303,0.1807672693005155,1
1294,themattjansen,0.14812070832967303,0.06263387811083082,1
1295,theonion,0.05202936550695904,0.07945465272791494,1
1296,theothermandela,0.06078011352084069,0.0215615093045025,1
1297,theplumlinegs,0.04447883217419818,0.038503444945083086,1
1298,therealjohnhcox,0.19466773728450495,0.045343501437382056,1
1299,therickwilson,0.03508264339315584,0.027677698437753848,1
1300,therickydavila,0.1285158337598371,0.1807672693005155,1
1301,theroot,0.11116719108518804,0.10827700665723966,1
1302,thetoddschulte,0.06078011352084069,0.05333128056896264,1
1303,thisisrobsmith,0.05624491210051878,0.04918384795249982,1
1304,thisisscarystuf,0.33655519548719853,0.40086139116347386,1
1305,thomas1774paine,0.413569897933165,0.20742796687543463,1
1306,thomaskaine5,0.7409598586102422,0.6310548366819692,1
1307,thomaspkennedy3,0.49505756400804624,0.6698271269837389,1
1308,thomassadoski,0.05202936550695904,0.025471598156045747,1
1309,tictoc,0.037980136466376074,0.03265990956683609,1
1310,time,0.06565556198004287,0.07945465272791494,1
1311,timodc,0.06565556198004287,0.030068974042493608,1
1312,timryan,0.14812070832967303,0.08592399976334196,1
1313,tizzywoman,0.26734400306340506,0.40086139116347386,1
1314,tndp,0.14812070832967303,0.1167953743919475,1
1315,tombstonebub,0.7990584410047699,0.7565854729457974,1
1316,tomcolicchio,0.029913823351421277,0.025471598156045747,1
1317,tomcottonar,0.03508264339315584,0.045343501437382056,1
1318,tomfitton,0.04447883217419818,0.025471598156045747,1
1319,tompavelko,0.09590276214117437,0.15685510336103622,1
1320,tomsteyer,0.037980136466376074,0.03265990956683609,1
1321,tomtsec,0.07651310672792835,0.10030935716061677,1
1322,tomwongphd,0.07651310672792835,0.07343326191269153,1
1323,tony4wi,0.08899515596679244,0.10827700665723966,1
1324,tonyatamanuik,0.1285158337598371,0.03265990956683609,1
1325,tonyposnanski,0.03508264339315584,0.027677698437753848,1
1326,topropetravis,0.0,0.0,2
1327,tortillablanket,0.04811366570775446,0.027677698437753848,1
1328,toscaausten,0.4540057291614072,0.5274968237537414,1
1329,towheehillart,0.4540057291614072,0.6310548366819692,1
1330,tpolresists,0.18207903130928815,0.22180647190550215,1
1331,traceytheisen,0.19466773728450495,0.1167953743919475,1
1332,traecrowder,0.03508264339315584,0.030068974042493608,1
1333,travismannon,0.041106740219567735,0.03546593341354506,1
1334,tribelaw,0.04447883217419818,0.04178983547133819,1
1335,trinityresists,0.5967761711282766,0.3412193545017134,1
1336,triplejay58,0.13802618960216584,0.20742796687543463,1
1337,tristanreveur,0.07651310672792835,0.045343501437382056,1
1338,tristanshouts,0.1285158337598371,0.09286695366967546,1
1339,trump454545,0.635706839522915,0.5061919589474342,1
1340,trustrestored,0.11116719108518804,0.20742796687543463,1
1341,tuckercarlson,0.04447883217419818,0.023437100509770627,1
1342,tucsonpolicek9,0.25152334764543,0.19374947883382485,1
1343,tullybecketflyn,0.22179568769021463,0.1807672693005155,1
1344,tumblr,0.0254864249403189,0.025471598156045747,1
1345,turk3655,0.5768086562548855,0.1807672693005155,1
1346,tvietor08,0.032398754737074244,0.030068974042493608,1
1347,tvinstructor,0.037980136466376074,0.03265990956683609,1
1348,txbonniejean,0.5565870373496533,0.2691022464970497,1
1349,tygiordano,0.0825396626774012,0.06783456974919343,1
1350,tyler_hoskins_,0.06078011352084069,0.1807672693005155,1
1351,ug0ttrumped,0.6164280626387617,0.36065190656573104,1
1352,ulalaunch,0.06078011352084069,0.045343501437382056,1
1353,usalovegod,0.6908019160064479,0.5487020083865324,1
1354,usw04,0.393746460000491,0.25265321740844954,1
1355,vabelle2010,0.18207903130928815,0.10030935716061677,1
1356,valerie4azed,0.13802618960216584,0.08592399976334196,1
1357,vanessaforddc,0.09590276214117437,0.04918384795249982,1
1358,vanjones68,0.06565556198004287,0.045343501437382056,1
1359,vaughnhillyard,0.08899515596679244,0.045343501437382056,1
1360,vetsresistsquad,0.5565870373496533,0.826453203646374,1
1361,vetwithacause,0.811958127868811,0.8794616900661685,1
1362,victimrightslaw,0.13802618960216584,0.045343501437382056,1
1363,victoryfund,0.11116719108518804,0.06783456974919343,1
1364,volhawk78,0.6908019160064479,0.5697317833219949,1
1365,voteforusa2018,0.8358285757752799,0.826453203646374,1
1366,votejenngray,0.14812070832967303,0.10030935716061677,1
1367,votevets,0.06565556198004287,0.04918384795249982,1
1368,voxdotcom,0.041106740219567735,0.045343501437382056,1
1369,vp,0.05202936550695904,0.045343501437382056,1
1370,vpcomdir,0.23633691139538376,0.19374947883382485,1
1371,w_terrence,0.04447883217419818,0.03265990956683609,1
1372,waltmaddox,0.05624491210051878,0.038503444945083086,1
1373,washingtonpost,0.04811366570775446,0.08592399976334196,1
1374,waynedupreeshow,0.25152334764543,0.12588928944948308,1
1375,waysandmeansgop,0.06078011352084069,0.07945465272791494,1
1376,wearemarchon,0.26734400306340506,0.16847316644464133,1
1377,weblackblack,0.5361761477678701,0.5274968237537414,1
1378,welltraveledfox,0.0,0.0,2
1379,wendyhammarstro,0.13802618960216584,0.06783456974919343,1
1380,wendysiegelman,0.0825396626774012,0.05780718298413593,1
1381,whatspatupto,0.08899515596679244,0.045343501437382056,1
1382,whiphoyer,0.0,0.0,2
1383,whitehouse,0.041106740219567735,0.03546593341354506,1
1384,whitewatercrew,0.05202936550695904,0.023437100509770627,1
1385,whitfordbradley,0.0,0.0,3
1386,wilkowmajority,0.0825396626774012,0.03546593341354506,1
1387,will_bunch,0.0825396626774012,0.038503444945083086,1
1388,willbenton1,0.3742667881821624,0.380551857066998,1
1389,willfishertx,0.22179568769021463,0.08592399976334196,1
1390,willmauldin,0.06078011352084069,0.07343326191269153,1
1391,willnoon,0.04811366570775446,0.0215615093045025,1
1392,wills_place,0.8358285757752799,0.8138717339737572,1
1393,wisepaxcat,0.413569897933165,0.6310548366819692,1
1394,wolferkitten,0.5361761477678701,0.19374947883382485,1
1395,womensmarch,0.04811366570775446,0.03265990956683609,1
1396,womenunited,0.2079055732880228,0.1167953743919475,1
1397,wonderwomyn2,0.3184188561317807,0.23688377651035014,1
1398,worldbeyondwar,0.49505756400804624,0.2691022464970497,1
1399,wrath_of_comm,0.0,0.0,2
1400,wsj,0.07089257330076087,0.07945465272791494,1
1401,wtfhappened2us,0.1285158337598371,0.07343326191269153,1
1402,wvufanagent99,0.6164280626387617,0.5905129273413294,1
1403,wyattearpla,0.0,0.0,2
1404,wyomingbob,0.3184188561317807,0.3039573320934062,1
1405,xogeorgiajones,0.0254864249403189,0.01983296694956421,1
1406,yashar,0.09590276214117437,0.027677698437753848,1
1407,ydmo,0.07089257330076087,0.038503444945083086,1
1408,yesthatcarlo,0.22179568769021463,0.1167953743919475,1
1409,yingliuhe,0.2079055732880228,0.22180647190550215,1
1410,yobencohen,0.13802618960216584,0.1167953743919475,1
1411,yooperdsa,0.09590276214117437,0.05780718298413593,1
1412,yourlocalemodad,0.07089257330076087,0.038503444945083086,1
1413,yrnf,0.09590276214117437,0.07343326191269153,1
1414,za1divar,0.06078011352084069,0.05333128056896264,1
1415,zachb,0.06078011352084069,0.045343501437382056,1
1416,zachjcarter,0.05624491210051878,0.08592399976334196,1
1417,zebop,0.10328573467123618,0.04918384795249982,1
1418,zen_soul,0.300816711527256,0.36065190656573104,1
1419,zerlinamaxwell,0.14812070832967303,0.08592399976334196,1
1420,zhaabowekwe,0.08899515596679244,0.03546593341354506,1
1421,zidan_lianciel,0.06565556198004287,0.06263387811083082,1
1422,zinadabo,0.3551862170861128,0.32230602190830704,1
